,duration,rating,production_cost,worldwide_gross,opening_weekend,oscar,golden globe,certificate_G,certificate_PG,certificate_PG-13,certificate_R,certificate_TV-MA
0,181.0,8.4,372835647.7036258,2607799463.561274,332863012.3488246,0,1,0,0,1,0,0
1,136.0,6.6,404199779.81644654,1115243505.3282828,96146178.29451594,1,1,0,0,1,0,0
2,141.0,7.3,365000000.0,1395316979.0,191271109.0,0,1,0,0,1,0,0
3,156.0,8.4,284643045.1682258,1943504526.5953264,244506651.8114624,0,1,0,0,1,0,0
4,121.0,6.1,291486030.58736646,637329550.8473682,91179005.82513651,0,1,0,0,1,0,0
5,148.0,6.8,300000000.0,879500760.0,70403148.0,1,1,0,0,1,0,0
6,135.0,6.9,260922791.404207,373025988.7402327,80099016.87850237,0,1,0,0,1,0,0
7,132.0,6.6,276069321.1899689,296042313.6685216,31595843.817010406,0,1,0,0,1,0,0
8,151.0,6.4,260390276.2132428,863738398.1466429,164360072.01048535,0,1,0,0,1,0,0
9,118.0,8.5,386930705.1479103,2452215982.1503935,285392288.48699987,1,1,1,0,0,0,0
10,101.0,7.7,283048687.5145688,635528392.8806725,53090192.548287414,0,1,0,1,0,0,0
11,139.0,6.3,291555379.90752727,1011245404.3480124,170770671.44450358,0,0,0,0,1,0,0
12,146.0,7.8,247519273.96696088,1140488143.9480615,177361561.4676172,0,1,0,0,1,0,0
13,119.0,6.2,205719480.47207418,613417269.7340094,118630283.65696394,1,1,0,0,1,0,0
14,153.0,7.6,275433022.06144017,1023961997.8880948,85754118.04783694,0,0,0,1,0,0,0
15,201.0,7.8,257222855.12054345,987075663.9675965,75772911.35301952,0,1,0,0,1,0,0
16,144.0,7.4,252501354.0882541,949798547.0618191,55271873.74631152,1,1,0,0,1,0,0
17,136.0,6.6,242905025.48947203,1201606268.3612273,95983148.38418382,0,0,0,0,1,0,0
18,163.0,7.3,220130696.87787312,669204394.3898548,48626877.10398168,1,1,0,0,1,0,0
19,162.0,7.9,261110504.91424528,3206449014.7353544,84861444.03026417,0,1,0,0,1,0,0
20,150.0,6.1,269259147.404006,453888742.77440673,60972220.507532775,1,1,0,0,1,0,0
21,164.0,8.4,240788562.28173244,1132991956.2843952,168434001.96716067,1,1,0,0,1,0,0
22,135.0,6.5,223472623.45031425,772303697.32871,61195794.70149947,1,1,0,0,1,0,0
23,106.0,6.6,255022549.19026443,656064443.7706294,74875598.3982981,1,1,0,0,1,0,0
24,143.0,8.0,235554028.31908607,1586168702.2584324,217168992.43869615,0,1,0,0,1,0,0
25,142.0,7.1,231500569.6084891,687298972.9564273,119988661.02390483,0,1,0,0,1,0,0
26,144.0,6.5,249478580.7296065,462745387.60047096,61022244.63169179,0,0,0,1,0,0,0
27,149.0,6.4,231500569.6084891,267513945.4307195,30054791.92110028,0,1,0,0,1,0,0
28,136.0,6.9,230319494.35643974,793440468.5141232,64913129.03585821,1,1,0,0,1,0,0
29,130.0,5.8,230319494.35643974,328181951.23386866,26732581.738546252,0,1,0,0,1,0,0
30,148.0,5.2,210841562.12486172,585783288.4805317,43412057.08374588,1,0,0,0,1,0,0
31,124.0,6.9,215000000.0,1669979967.0,208806270.0,0,0,0,0,1,0,0
32,104.0,6.8,225084960.39379337,684900541.2107466,57153551.15814937,1,1,0,0,1,0,0
33,149.0,5.9,231363738.53160977,921620594.8379852,120051676.95953864,0,0,0,0,1,0,0
34,165.0,5.6,212101137.4341334,1115100592.666603,101039315.74323542,0,1,0,0,1,0,0
35,104.0,6.6,243725952.39155713,533018149.809988,119252398.50471826,1,1,0,0,1,0,0
38,113.0,6.1,231662220.46915925,415028583.81201655,29136589.151177958,1,1,0,0,1,0,0
39,110.0,7.3,188616983.62396708,333484908.3949278,18403360.932356164,0,0,0,0,1,0,0
40,148.0,8.2,176104557.5022985,1684242512.0011954,229057937.9151307,0,0,0,0,1,0,0
41,120.0,7.3,189762030.11215055,1268079377.931601,191663399.16217694,1,0,0,0,1,0,0
42,194.0,7.9,281431134.5793144,3106980792.4760528,40298308.497805186,1,1,0,0,1,0,0
43,118.0,7.6,189762030.11215055,1179186339.7905004,173336138.6486785,1,1,0,1,0,0,0
44,134.0,7.8,198015419.1735687,1044614102.625481,153542820.3467833,0,0,0,0,1,0,0
45,103.0,7.3,198015419.1735687,1014835087.4867518,133720082.85895813,0,0,0,1,0,0,0
46,89.0,7.7,186417823.8518129,1000206498.7518373,112697091.81716773,1,1,1,0,0,0,0
47,126.0,6.9,164575584.37765938,783564917.6497926,154224601.35247064,0,0,0,0,1,0,0
48,127.0,7.5,246785677.4456365,980599874.8431865,108778471.00623155,0,1,0,0,1,0,0
49,175.0,7.8,164575584.37765938,631822374.4934045,110272738.03223012,0,1,0,0,1,0,0
51,143.0,7.8,209381358.50585428,1162618239.6959252,92509619.30650641,1,1,0,0,1,0,0
52,169.0,7.8,209381358.50585428,1062546056.7602757,88586429.27620749,0,1,0,0,1,0,0
53,102.0,7.2,205778284.09643474,764935304.416625,84810973.4490013,1,1,1,0,0,0,0
54,130.0,6.3,205778284.09643474,504526220.5296807,81396066.36215824,1,1,0,1,0,0,0
55,131.0,7.9,202001083.27060327,755345453.4387971,91732388.53300479,0,1,0,0,1,0,0
56,141.0,6.6,202001083.27060327,716090139.534443,92524916.55309242,1,1,0,0,1,0,0
57,107.0,6.2,213298036.84245205,597400217.6031592,70532869.04340121,1,1,1,0,0,0,0
58,133.0,6.7,176104557.5022985,334379985.82270265,70764369.0642583,1,1,0,0,1,0,0
59,134.0,6.5,186417823.8518129,708743514.6462449,55961652.02673901,0,1,0,0,1,0,0
60,145.0,5.2,176104557.5022985,634925562.1444587,61674602.89192741,0,0,0,0,1,0,0
61,158.0,5.8,220346417.64915213,834757887.5213853,71874372.70439088,0,0,0,0,1,0,0
62,156.0,6.3,176104557.5022985,354027332.0436903,62778826.01569735,1,1,0,0,1,0,0
63,134.0,6.5,189762030.11215055,615261007.828514,58980984.06556373,1,1,0,0,1,0,0
64,110.0,6.1,164575584.37765938,179857534.9808079,41619487.44102732,0,0,0,1,0,0,0
65,90.0,6.6,176104557.5022985,185248032.92309925,30834790.635235112,0,1,0,0,1,0,0
66,113.0,5.5,213298036.84245205,234132447.30420914,56709872.20182853,0,0,0,0,1,0,0
67,114.0,7.4,184016569.38923618,122662712.50880943,35993513.08101887,1,1,0,1,0,0,0
68,151.0,5.4,184016569.38923618,153065195.87718716,20977888.910372924,0,0,0,0,1,0,0
69,115.0,7.6,278298789.56124735,97356394.47699983,11271100.977230517,0,1,1,0,0,0,0
70,140.0,6.5,176104557.5022985,16923647.975970887,3698195.7075482686,1,1,0,0,1,0,0
71,154.0,6.2,207965585.9213907,1198515354.3293571,104359120.01954742,0,0,0,0,1,0,0
72,107.0,7.1,267570626.90669975,562521145.4548699,43453984.368545935,1,1,0,0,1,0,0
73,113.0,6.3,200633826.99402386,203399078.66238603,27988136.949417118,0,1,0,0,1,0,0
74,137.0,7.1,190000000.0,1514553486.0,147187040.0,0,0,0,0,1,0,0
75,132.0,7.7,195489369.891613,480884901.86896837,72192741.66843577,0,0,0,0,1,0,0
76,115.0,7.0,195489369.891613,547227888.5684927,68330566.22108632,1,1,0,0,1,0,0
77,141.0,7.2,195489369.891613,363857593.0448211,51532216.11087104,1,1,0,0,1,0,0
78,131.0,6.9,195489369.891613,422877363.77664137,38362551.0023895,0,1,0,0,1,0,0
79,148.0,5.7,167299329.62718356,137773478.3806781,9464749.128711695,0,0,0,0,0,1,0
80,92.0,6.7,187500000.0,333771037.0,39155217.0,1,1,0,1,0,0,0
81,126.0,7.9,206235626.73647472,648834520.128481,113228534.9272795,1,1,0,0,1,0,0
82,152.0,9.0,205126833.04434314,1107258887.7062054,175645653.11160973,1,1,0,0,1,0,0
83,123.0,6.2,205126833.04434314,872216383.9417238,111032199.7917134,1,1,0,0,1,0,0
84,93.0,7.1,193677756.6179152,580621345.5319028,69434621.06355363,1,1,0,1,0,0,0
85,118.0,6.7,179749718.86220932,545148891.1713022,59293575.32666825,1,1,0,0,1,0,0
86,122.0,7.0,183164262.73555103,332342849.9758305,58665247.067724556,0,0,0,0,1,0,0
87,118.0,6.6,172436487.06292695,456114543.53706014,34439493.35792595,1,1,0,1,0,0,0
88,164.0,8.0,179749718.86220932,251483515.72362414,31823591.737079147,0,1,0,0,0,1,0
89,132.0,7.2,162896715.6896261,147153172.5302073,23074465.06369548,0,1,0,0,0,1,0
90,128.0,8.0,283192517.1664014,1628589916.6682086,142375705.53062734,1,1,1,0,0,0,0
91,130.0,7.9,174891618.35241985,826346163.4737879,119261498.72699985,1,1,0,0,1,0,0
92,97.0,6.9,181800974.94354293,766126210.8527327,70125987.04442035,1,1,0,1,0,0,0
93,133.0,7.2,178213877.25621182,803669721.7459112,73665089.32369125,1,1,0,0,1,0,0
94,91.0,6.2,203410730.16804227,289957342.2690618,55486105.500812456,0,0,0,0,1,0,0
95,110.0,6.2,178213877.25621182,345439903.6544097,38145547.77849447,1,1,0,0,1,0,0
96,126.0,7.5,191968233.15820682,192019194.3251692,12120133.03093115,1,1,0,1,0,0,0
97,129.0,6.4,174891618.35241985,208993886.58769414,16524949.364941424,0,1,0,0,1,0,0
98,127.0,5.3,179000000.0,181982519.0,18372372.0,1,1,0,0,1,0,0
99,136.0,6.9,176233723.06447613,537153997.9429466,65116936.94146008,1,1,0,0,1,0,0
100,113.0,5.6,168888206.799814,500374687.50048184,43078063.473738655,0,0,0,0,1,0,0
101,136.0,7.9,179780964.1108369,370701257.75852287,29048004.235645168,0,1,0,0,1,0,0
102,124.0,6.8,163115595.8703363,1053006606.0837634,143013624.1089735,1,1,0,0,1,0,0
104,95.0,8.1,175000000.0,853003563.0000001,90440272.0,0,1,0,1,0,0,0
105,123.0,5.9,173263491.7768726,738345024.056423,132355731.86892483,1,1,0,0,1,0,0
106,105.0,8.4,170033517.84263042,775028733.1868842,49360832.24982631,0,1,0,1,0,0,0
107,95.0,6.4,192803115.44300812,420517234.2244532,65355953.87137516,1,1,0,1,0,0,0
108,109.0,6.7,170033517.84263042,372656504.052848,52165000.73558443,1,1,1,0,0,0,0
109,118.0,5.7,192803115.44300812,333239821.7290525,60279118.42386636,0,0,0,0,1,0,0
110,107.0,4.9,240127485.68549976,303561394.13385785,37991576.673585735,1,0,0,0,1,0,0
111,111.0,5.2,194038896.1230273,449904377.99789244,44859320.17371046,1,0,0,0,1,0,0
112,96.0,5.4,197760432.10781887,196778782.0945644,35249514.40555904,1,1,0,1,0,0,0
113,135.0,6.3,255085244.12232092,385173208.7834316,30860620.970308986,1,1,0,0,1,0,0
114,103.0,5.6,161014498.21558166,231318609.12301576,20098331.11242049,1,1,0,1,0,0,0
115,126.0,6.7,170033517.84263042,135667641.3007342,14935034.924622227,0,0,0,0,1,0,0
116,127.0,6.2,180055998.5843804,156100129.29638118,10196632.933318691,0,0,0,0,1,0,0
117,128.0,6.1,161297725.59532794,1241360584.2678027,3605478.5721308603,0,0,0,0,1,0,0
118,121.0,8.0,171700920.78001276,778595394.3211854,95264602.70519914,0,0,0,0,1,0,0
119,125.0,6.9,185070295.68260267,676221156.3374575,139480383.86581382,1,1,0,0,1,0,0
120,135.0,7.8,171700920.78001276,721549777.3428264,95974472.89201786,1,1,0,0,1,0,0
121,130.0,7.6,171700920.78001276,717754860.7618386,73337934.55912165,1,1,0,0,1,0,0
122,92.0,6.6,209767825.828791,385873390.55231524,28781422.819590908,1,1,1,0,0,0,0
123,127.0,6.1,177974154.72997615,419832389.8393482,58854691.99037283,1,1,0,0,1,0,0
124,132.0,6.0,209767825.828791,370364279.15143836,63853375.53941947,0,1,0,0,1,0,0
126,132.0,6.0,158455150.27404097,357269680.1844243,44531762.86383301,0,0,0,0,1,0,0
127,129.0,6.4,170000000.0,206627518.0,33028165.000000004,1,1,0,1,0,0,0
128,122.0,7.3,158455150.27404097,374606654.3137828,26588413.497494917,1,1,0,0,1,0,0
129,113.0,6.2,168313106.2975334,274180180.8931249,26592209.43679014,1,1,0,1,0,0,0
130,93.0,6.3,179627051.69193792,823284854.3559011,77117928.91244362,0,1,0,1,0,0,0
131,115.0,7.5,163362720.81819415,669643080.3256825,84214285.53430384,0,0,0,0,1,0,0
132,108.0,7.8,166650893.69824767,654902686.2846711,56778352.37509995,0,0,0,1,0,0,0
133,91.0,8.1,179627051.69193792,538740710.6716642,47609136.518917084,0,0,0,1,0,0,0
134,101.0,7.7,172739620.76732978,519801283.90394,51338960.68968669,0,1,0,1,0,0,0
135,165.0,8.7,166650893.69824767,655628727.668211,47985720.93288169,1,1,0,0,1,0,0
136,156.0,8.0,145286259.93939626,350201987.08457977,36111273.249598846,0,1,0,0,1,0,0
137,119.0,5.2,163362720.81819415,380357347.6351422,40632708.57009893,0,0,0,0,1,0,0
138,123.0,8.0,254634040.1365553,2021224627.3242831,278109096.0526985,0,0,1,0,0,0,0
139,143.0,6.8,151809624.08972046,1085209864.3521707,64399086.627908565,0,0,0,0,1,0,0
140,92.0,6.1,180809537.92714867,912332084.3278278,137448325.66947755,0,1,0,1,0,0,0
141,147.0,8.8,174183807.7012731,793170424.8629973,68351181.66542268,1,1,0,0,1,0,0
142,136.0,6.5,160000000.0,648986787.0,102665981.0,1,1,0,0,1,0,0
144,108.0,6.1,174183807.7012731,237310545.27742615,19181580.313857008,1,1,0,1,0,0,0
145,123.0,6.7,158412335.33885494,434544663.12282765,23926312.00722285,0,0,0,0,1,0,0
146,107.0,7.1,154452026.95538357,121145149.30711608,20022867.71167555,0,0,0,0,1,0,0
147,113.0,6.3,136481032.06428134,412141570.98208976,105662.7345013791,0,1,0,0,1,0,0
148,111.0,5.6,147065573.3369167,276037477.52654207,26677253.806596674,0,0,0,0,1,0,0
149,175.0,5.6,191258900.02036828,206432753.0784352,16888885.187761825,1,1,0,0,0,1,0
150,142.0,7.4,147686255.497599,475697688.3803336,54666192.81142942,0,0,0,0,1,0,0
151,182.0,6.2,198797653.0300752,589490616.6599075,77523096.03412768,0,1,0,0,1,0,0
152,142.0,7.0,170639001.41874656,800390250.5373994,79671896.711265,0,0,0,0,1,0,0
153,103.0,6.8,139813367.8888597,1347038678.5340066,121417058.6299482,0,0,0,1,0,0,0
154,141.0,7.4,145743015.29368323,794841812.0955086,100321204.78032193,0,1,0,0,1,0,0
155,102.0,7.4,154333713.07232606,1298243266.4261692,250421.88283115625,0,0,0,1,0,0,0
156,108.0,8.0,148511564.3801765,994661088.4667003,74318554.06804338,0,1,0,1,0,0,0
157,138.0,7.5,169508941.8067019,1061826442.0304202,87137104.41022052,0,0,0,0,1,0,0
158,150.0,7.7,179461656.27863118,1060912992.8616573,122854617.58415285,0,0,0,0,1,0,0
159,138.0,7.2,190057809.01710513,935815419.4421467,116282959.0574062,0,0,0,0,0,1,0
160,113.0,7.6,148511564.3801765,625349669.6120157,56069453.03700728,0,0,0,1,0,0,0
161,92.0,6.4,166319053.81973767,692147023.2059518,69414786.13816896,1,1,0,0,1,0,0
162,132.0,7.4,132078418.12672387,380600068.354984,66381457.70459421,1,1,0,0,1,0,0
163,115.0,6.7,179461656.27863118,569282863.0548087,67212517.89444178,0,1,0,1,0,0,0
164,110.0,8.1,169508941.8067019,708038505.2584121,53143759.74917188,1,0,1,0,0,0,0
165,111.0,6.8,154333713.07232606,663225998.333623,88214929.01556475,1,1,0,0,1,0,0
166,140.0,8.2,179461656.27863118,429341822.01388276,58319582.65620426,1,1,0,0,1,0,0
167,107.0,7.8,145743015.29368323,503356369.3383038,49079920.36080856,1,0,0,0,1,0,0
168,113.0,7.0,159973527.631839,479202427.6022918,70093294.85066463,1,1,0,0,1,0,0
169,89.0,6.6,166319053.81973767,664922259.5037863,69972187.81514044,0,0,0,1,0,0,0
170,107.0,6.5,165259813.23686412,412957567.29310435,93711131.26720418,0,1,0,0,1,0,0
171,105.0,6.0,165259813.23686412,443150868.9963021,59684447.511914834,0,1,0,1,0,0,0
172,90.0,7.2,159973527.631839,709042717.9712571,50824978.298855096,1,1,0,1,0,0,0
173,120.0,8.1,150000000.0,367457874.0,45428128.0,1,1,0,0,0,1,0
174,104.0,6.5,139813367.8888597,402051205.648654,50673250.5340859,0,1,0,1,0,0,0
175,129.0,6.7,190057809.01710513,541411674.7202624,61420543.740045056,0,0,0,0,0,1,0
176,140.0,7.4,142321522.5841129,549413881.305985,39630898.61927961,0,0,0,0,1,0,0
177,82.0,5.7,179461656.27863118,370939853.29692507,47915996.62314323,0,0,1,0,0,0,0
178,126.0,6.9,174089965.99396938,463529326.3030541,55410831.82007198,1,1,0,0,1,0,0
179,138.0,6.7,165259813.23686412,540813670.8829844,50904614.496297956,1,1,0,0,1,0,0
180,162.0,7.3,185089258.08422735,596175017.5032063,57828562.245944306,1,1,0,0,0,1,0
181,90.0,6.1,169508941.8067019,324999016.1107736,42966046.23217368,1,1,0,1,0,0,0
182,87.0,5.1,165259813.23686412,322606811.44054514,34932546.60769051,1,1,0,1,0,0,0
183,96.0,6.8,166319053.81973767,363700995.0795588,29076038.914359134,0,1,0,1,0,0,0
184,109.0,7.2,132078418.12672387,203289068.71903616,23955937.935294695,0,0,0,1,0,0,0
185,99.0,5.7,157036018.87939072,319589323.4486745,35026557.37612883,0,0,0,0,1,0,0
186,115.0,6.3,169508941.8067019,220452683.42219138,31094574.507331442,1,1,0,0,1,0,0
187,112.0,6.2,157036018.87939072,249375991.12779492,31077714.988692578,0,1,0,0,1,0,0
188,131.0,6.3,154333713.07232606,211375851.6048375,25570275.035809465,1,1,0,0,1,0,0
189,102.0,5.8,163297319.71994355,155278722.40916592,34269831.34889492,1,1,0,0,0,1,0
190,104.0,5.9,148511564.3801765,331167771.0341371,18286347.73138264,0,1,0,0,1,0,0
191,111.0,5.7,150000000.0,151525973.0,15315435.0,0,1,0,1,0,0,0
192,88.0,5.4,159973527.631839,42179428.69497031,7374233.580853461,0,0,0,1,0,0,0
193,124.0,5.1,123431688.28324452,48590144.74167554,8120979.742481836,1,1,0,0,1,0,0
194,85.0,6.6,172929366.22067624,208161839.7741072,21835899.008463703,1,1,0,1,0,0,0
195,85.0,6.8,151801484.91674435,781956952.0944967,63146002.71540843,0,0,0,1,0,0,0
196,102.0,7.8,146450785.37118736,620735461.5161973,1515008.1245295242,1,1,0,1,0,0,0
197,88.0,7.3,198962773.8536998,614989569.1501749,46957915.034569316,0,1,1,0,0,0,0
198,91.0,6.8,146450785.37118736,272505955.66687095,32529302.01479033,0,0,0,1,0,0,0
199,97.0,7.2,151801484.91674435,321296638.93716025,24888601.990456898,0,1,0,1,0,0,0
200,124.0,6.0,173479601.06934348,145537887.78706694,21617199.769189626,1,1,0,0,1,0,0
202,133.0,6.1,183472319.90798897,558094551.4672468,60819833.673251085,1,1,0,0,1,0,0
203,125.0,7.9,154242492.3544065,426193615.7484041,87261906.71799074,0,0,0,0,1,0,0
204,150.0,6.7,194809152.69287315,771722543.453339,50218977.614496544,1,1,0,0,1,0,0
205,124.0,6.9,149308625.78971642,395209028.6697359,69384277.24533774,0,0,0,0,1,0,0
206,94.0,7.1,138610793.4214981,515999296.8670481,40872404.254854344,1,1,0,1,0,0,0
207,127.0,6.6,194809152.69287315,397132372.7039,47377758.48015628,1,1,0,0,0,1,0
208,110.0,5.7,144044798.86750433,386596387.70042336,41671968.93856479,0,0,0,0,1,0,0
209,154.0,7.8,177387288.41596478,578802780.1356266,30753069.087457005,0,1,0,0,0,1,0
210,150.0,6.0,141400758.28942227,270999111.4161218,24357223.96041186,1,1,0,0,1,0,0
211,115.0,6.3,138610793.4214981,197665605.13405666,18589044.001902312,1,0,0,1,0,0,0
212,127.0,5.4,138610793.4214981,137459092.1801924,13983752.864559123,0,0,0,0,1,0,0
213,121.0,7.4,179596144.135285,1061692781.0171405,148385326.69226897,0,1,0,0,1,0,0
214,161.0,7.6,152039028.17791498,205997734.3648614,60831403.49891891,0,0,0,0,0,1,0
215,121.0,5.1,165104723.7763407,91425838.6972231,15854294.759672092,1,1,0,0,1,0,0
216,112.0,6.6,152459132.66809288,294466619.6542428,61442749.09546423,1,1,0,0,1,0,0
217,138.0,5.6,173586132.23562267,310467893.67015076,78719942.55262996,1,1,0,0,1,0,0
218,106.0,6.4,179770814.9512891,111709623.77660292,14970648.185908463,0,1,0,0,1,0,0
219,98.0,7.2,138900341.76509345,589625185.831732,44900549.962507054,1,1,0,1,0,0,0
220,156.0,8.0,135000000.0,532938301.99999994,474560.00000000006,1,1,0,0,0,1,0
221,107.0,7.2,143976174.86865512,262062873.91948393,40611224.20094816,0,1,0,1,0,0,0
222,139.0,7.5,171052028.1153946,269770761.80913144,31810596.35070234,1,1,0,0,1,0,0
223,96.0,6.4,138900341.76509345,295185427.66989475,21928377.010453887,0,1,0,1,0,0,0
224,112.0,5.9,133660407.94215886,242894004.06390014,34965940.92711938,0,1,0,0,1,0,0
225,99.0,5.8,143976174.86865512,168459020.5218576,22649124.563448295,1,1,0,1,0,0,0
226,132.0,6.0,156680969.39457244,191406202.81708562,29855053.857234392,1,1,0,0,0,1,0
227,99.0,5.6,126096869.00952405,161320781.6819866,19310650.049996365,1,1,0,1,0,0,0
228,116.0,6.5,157926257.52519545,726025931.0765703,77621622.9716389,1,1,0,0,1,0,0
229,92.0,6.6,133320714.95859814,370613943.80028456,25702056.272340067,0,0,0,1,0,0,0
230,146.0,7.5,133755884.6626826,889855313.4074734,162641276.6642454,1,1,0,0,1,0,0
231,141.0,7.9,160410690.3396637,974300856.7495731,115603501.66596484,0,0,0,1,0,0,0
232,113.0,8.0,146907749.56580833,501795507.8147619,78294699.84242381,0,1,0,0,1,0,0
233,118.0,7.0,123345319.57289787,591245978.675729,71931389.64039266,0,0,0,0,1,0,0
234,91.0,7.6,144143179.97710598,700658410.7643201,66792767.36349449,1,1,0,1,0,0,0
235,117.0,7.3,130000000.0,518858449.0,57225526.0,1,1,0,0,1,0,0
236,94.0,6.5,130000000.0,385997896.0,52107731.0,0,1,0,1,0,0,0
237,130.0,6.7,123345319.57289787,331040840.702722,22318975.977668803,0,1,0,1,0,0,0
238,90.0,6.6,138643723.9475938,591888696.5812274,36343254.196592055,1,1,0,1,0,0,0
239,140.0,6.6,164716767.81482443,346249827.76454526,58946505.489778765,1,0,0,0,0,1,0
240,101.0,6.3,131300704.12589212,497777423.33949476,39721360.70362188,1,1,1,0,0,0,0
241,100.0,6.4,141524343.7572844,316416310.96985024,39203596.41122386,1,1,0,0,1,0,0
242,137.0,5.8,131300704.12589212,356361286.70760316,44157913.525510386,1,1,0,0,1,0,0
243,104.0,7.3,138643723.9475938,398860877.6962609,10367343.61529609,0,0,0,1,0,0,0
244,165.0,6.6,144143179.97710598,238480245.42655182,16410948.301386863,1,1,0,0,1,0,0
245,98.0,5.6,133755884.6626826,81361315.55443145,13058088.007278766,1,1,0,0,1,0,0
246,104.0,7.4,120239496.38441932,485818395.00899464,51285635.88170647,1,1,0,1,0,0,0
247,82.0,6.4,171074256.4595566,477864824.0567555,52133841.134681255,0,1,0,1,0,0,0
248,135.0,8.1,123395752.94865179,596771315.9230709,85902794.83821225,0,1,0,0,0,1,0
249,97.0,6.2,128270687.87683307,357296103.28074116,17271617.82245308,1,1,0,1,0,0,0
250,123.0,6.6,126250677.04412705,774245034.3515229,123117270.58061759,1,1,0,0,1,0,0
251,123.0,6.7,116511139.90738305,744117409.6365348,55227718.52961059,0,0,0,0,1,0,0
252,152.0,6.6,145074971.66164115,891132250.6452265,89451356.63973337,1,1,0,0,1,0,0
253,130.0,7.3,133311273.02653252,672063138.1402941,91930136.76371932,0,0,0,0,1,0,0
255,129.0,7.4,133311273.02653252,571279804.0008435,42272555.6843459,0,1,0,0,1,0,0
256,123.0,6.5,154241048.40352282,685866899.1265342,84824659.73740509,0,0,0,0,1,0,0
257,97.0,6.3,121452512.74473602,512982316.5666118,48774262.279414035,0,1,0,1,0,0,0
259,93.0,6.4,123759636.98348044,339836649.45713013,46118921.79356763,0,0,0,1,0,0,0
260,124.0,7.0,130863349.06615895,421325822.2701202,53444697.49620536,1,1,0,0,0,1,0
261,135.0,6.6,130863349.06615895,293506516.973793,39931982.57875531,1,1,0,0,1,0,0
262,103.0,5.8,118601268.82009408,289262764.78771025,23630131.031867806,0,0,0,0,1,0,0
263,100.0,6.7,115010355.86827262,98780955.64568673,22810347.990339268,0,0,0,1,0,0,0
265,104.0,5.7,123759636.98348044,61031122.42500811,10842042.204105472,0,0,0,1,0,0,0
266,103.0,6.6,171519632.6324998,84660579.92247769,14088973.896641169,0,0,0,0,0,1,0
267,105.0,6.3,165036341.5256899,463504435.0242893,74897423.13785946,0,1,0,1,0,0,0
268,129.0,6.5,161011064.9031121,441051483.6180754,55448241.829881944,1,1,0,0,1,0,0
269,123.0,6.6,118809251.50414121,412038717.697491,58627776.60995434,1,1,0,0,1,0,0
270,116.0,6.3,98745350.62659562,330590234.1226754,36214984.88838184,0,0,0,0,1,0,0
271,91.0,5.6,135607153.4453615,327130437.3658857,65601863.49958031,0,1,0,1,0,0,0
272,125.0,7.9,125628815.10351259,648360230.9430027,23504642.509166036,0,0,0,1,0,0,0
273,110.0,5.3,135607153.4453615,259400199.2519074,51292090.40131957,1,1,0,0,1,0,0
274,107.0,6.2,132207850.5894913,471483181.0443717,39390329.81213489,0,0,0,0,0,1,0
275,106.0,4.9,152046247.21368408,287827693.0368967,47684517.248836845,0,1,0,0,1,0,0
276,109.0,6.6,123466970.45786086,294460587.0397535,30668570.924640402,1,1,0,0,0,1,0
277,125.0,7.0,123466970.45786086,296234953.5078147,38125041.7068854,1,1,0,0,1,0,0
278,124.0,5.9,116594412.23494658,138486521.08645603,39156569.935492255,0,0,0,0,1,0,0
279,77.0,5.5,155047030.9081597,214481726.08962092,19529661.99437943,1,1,0,1,0,0,0
281,119.0,6.6,148071406.4673819,132292856.93172671,29971090.195569217,1,1,0,0,0,1,0
282,135.0,6.1,133055243.05579016,103555190.34562297,20580693.383128587,0,0,0,1,0,0,0
283,136.0,7.8,139271972.7951755,189199713.47029236,14401963.828778569,0,0,0,0,1,0,0
284,109.0,6.3,127371909.38155597,281689367.96575606,21925370.46466578,0,1,0,0,1,0,0
285,112.0,6.6,110061977.46504731,812258392.7891377,76147475.93372704,0,1,0,0,1,0,0
286,92.0,8.1,150902508.90071714,735464342.5661263,82113360.08650671,1,1,1,0,0,0,0
287,126.0,6.7,118322513.35544999,428488882.02381444,54648283.742417894,0,1,0,0,1,0,0
288,134.0,6.1,148586737.95365304,100300266.69001509,18761223.068026777,1,1,0,0,0,1,0
289,87.0,4.9,121928665.39089118,252585951.37059513,6866860.22614407,0,1,0,1,0,0,0
290,107.0,6.7,107849831.31732559,280322982.30100125,13021250.355717406,0,0,0,1,0,0,0
291,119.0,7.6,104369116.5616828,746108598.6750103,119082460.73438144,0,0,0,0,0,1,0
292,91.0,7.7,113178056.25303912,708097779.463122,57396823.12743715,1,1,0,0,1,0,0
293,108.0,6.5,127665975.0622442,672505368.5997182,35321439.32905274,0,1,0,1,0,0,0
294,114.0,6.1,110000000.0,456258538.99999994,54588173.0,0,0,0,0,1,0,0
295,103.0,5.4,117313920.26334861,601233119.335807,37979461.30423014,0,0,0,1,0,0,0
296,129.0,7.1,124306557.32491472,432008395.0880993,37709590.89764204,0,1,0,0,1,0,0
297,118.0,6.2,110000000.0,295075882.0,52263680.0,1,1,0,0,1,0,0
298,125.0,6.5,135732122.59510005,447902525.13012815,48312467.03793217,1,1,0,0,1,0,0
299,119.0,6.5,154787124.01862296,477735367.9460436,35380124.933728226,1,1,0,0,1,0,0
300,164.0,7.2,147593476.1611861,288880685.613667,30073794.296079442,1,1,0,0,0,1,0
301,102.0,6.2,111100595.79883178,334089643.13152695,45489088.54419867,0,0,0,0,0,1,0
302,170.0,7.5,135732122.59510005,257114758.71085775,1058736.4687379124,1,1,0,0,1,0,0
303,116.0,7.0,108908480.54546279,299240576.7098096,14722185.035201523,1,1,0,0,1,0,0
304,118.0,5.8,117313920.26334861,244392094.60772312,35756084.161301605,1,1,0,0,1,0,0
305,126.0,7.1,117313920.26334861,281425793.483084,29136167.356349446,0,1,0,0,1,0,0
306,118.0,5.6,102529803.1184971,235837621.44427985,27996077.787627943,0,0,0,0,1,0,0
307,118.0,6.7,119751367.79462528,192953387.7888279,27945021.33447802,0,0,0,0,1,0,0
308,104.0,5.3,113178056.25303912,358617556.0450131,18055386.88538375,0,0,0,1,0,0,0
309,106.0,6.4,121190529.70703368,167864715.53434974,25750896.475241166,1,1,0,0,0,1,0
310,114.0,6.6,113178056.25303912,131680901.84384203,27797920.64805548,0,0,0,0,1,0,0
311,76.0,5.4,135732122.59510005,94373879.75297236,17127877.373513725,1,1,0,1,0,0,0
312,148.0,7.2,131605214.60432953,261625110.40071324,23492722.432270512,0,0,0,0,0,1,0
313,100.0,7.9,160339296.30545887,244751653.42512774,27222745.35452298,0,0,0,0,0,0,1
315,158.0,6.7,143029334.52328843,115058525.7370885,19303569.660586856,1,1,0,0,0,1,0
316,130.0,8.0,108000000.0,653609107.0,54308575.0,1,1,0,0,1,0,0
317,124.0,7.1,104948172.1619914,118083189.35673457,12575704.82189971,1,1,0,0,0,1,0
318,115.0,7.1,129562480.65895915,430183941.5590805,64386243.81165881,1,0,0,0,1,0,0
319,92.0,6.0,144076491.41129985,410021419.56382513,20607360.734023675,1,1,0,1,0,0,0
320,97.0,7.1,115681869.26580489,298566507.1730658,866170.7504579346,1,0,1,0,0,0,0
321,100.0,5.6,103958095.06612356,398166119.79840785,21160981.134917554,1,0,0,1,0,0,0
322,129.0,7.3,147751345.65414008,170406551.9877749,31040127.564087737,0,0,0,0,0,1,0
323,141.0,6.7,101048490.60362037,397201888.7882815,37915540.954903685,1,1,0,0,0,1,0
324,117.0,6.5,138603691.70409566,312150820.50286025,33994867.240969695,1,1,0,0,1,0,0
325,154.0,8.5,138201164.0418379,612426500.6963179,46718725.050413035,1,1,0,0,0,1,0
326,140.0,7.0,112927539.04519048,233878672.28503716,27842615.271218184,1,1,0,0,0,1,0
327,144.0,8.0,118381176.87589917,689884045.6906376,47390951.596442975,1,1,0,0,1,0,0
328,114.0,6.7,96778635.35719678,441382296.83928806,20545579.594319616,0,0,0,0,1,0,0
329,172.0,7.4,106784492.8379857,136802612.52382353,10063126.675769111,1,1,0,0,0,1,0
330,161.0,7.4,129205859.09013309,1130890500.8978815,114163051.44086124,0,1,0,1,0,0,0
331,122.0,5.4,145762996.64132625,490534964.865804,76940171.30093311,1,1,0,0,1,0,0
333,130.0,6.9,123392838.72281826,408829360.95224184,43363394.98029931,1,1,0,1,0,0,0
334,165.0,8.4,104690679.25292714,470942191.00740457,31535856.05779848,1,1,0,0,0,1,0
335,119.0,8.2,93208911.92590645,345435377.1265433,537084.6639429812,1,1,0,0,0,1,0
336,98.0,5.5,108864879.81329569,338189374.0244132,33567032.34428422,1,1,0,0,1,0,0
337,141.0,7.3,148819501.9799655,543637640.732814,38499262.87736253,1,1,0,0,0,1,0
338,157.0,7.8,113005961.20446792,302839540.4409765,49231199.55677407,1,1,0,0,0,1,0
339,90.0,6.9,110173208.82457606,260920651.1356025,33387603.124592714,0,0,0,1,0,0,0
340,97.0,6.6,108864879.81329569,186089782.62259027,38694020.59314499,0,0,0,0,1,0,0
341,165.0,8.2,102889142.04821737,401184213.9805209,18941959.98680199,1,1,0,0,0,1,0
342,103.0,6.6,102889142.04821737,270386945.6953088,34499828.18480436,0,1,0,1,0,0,0
343,114.0,6.2,143142110.60035238,335525107.247226,35164929.303895846,1,1,0,0,0,1,0
345,78.0,7.4,134175887.41926008,227603326.65712583,13165743.284757808,0,1,1,0,0,0,0
346,103.0,6.6,104690679.25292714,326613202.2346285,29932499.460717633,0,1,0,0,0,1,0
347,100.0,6.7,110173208.82457606,109207712.51943442,36021579.03015506,1,1,0,1,0,0,0
348,104.0,5.1,116059977.32931292,289555849.7083301,26972230.7955534,1,1,0,1,0,0,0
349,97.0,7.3,140715567.2896572,342485668.9085341,41933609.13425983,0,1,1,0,0,0,0
350,102.0,6.0,108864879.81329569,303440569.86380374,17932721.60399561,1,1,0,0,1,0,0
351,120.0,5.8,137215706.10599986,290934310.8814418,28161595.797585685,0,1,0,0,0,1,0
352,104.0,6.8,93208911.92590645,153923781.31106976,12447861.905702716,0,1,0,1,0,0,0
354,143.0,8.0,116059977.32931292,198901170.45704892,10037242.873765528,1,1,0,0,0,1,0
355,138.0,6.7,93208911.92590645,118215989.6281224,16681989.512720447,0,0,0,0,1,0,0
356,90.0,6.9,108864879.81329569,152102436.04113248,17540539.14041461,0,0,0,1,0,0,0
357,102.0,5.3,110173208.82457606,76623969.48358473,20753712.95251628,0,0,0,0,1,0,0
359,93.0,5.8,93208911.92590645,107294752.6826655,14777010.937184991,0,1,0,1,0,0,0
360,103.0,6.1,101000541.63530163,211557126.29676652,16038527.459763093,0,1,0,0,1,0,0
362,95.0,7.2,129205859.09013309,118610978.64474216,15612264.384391325,1,1,0,1,0,0,0
363,114.0,6.8,108864879.81329569,106168318.51329634,15577796.80387993,0,1,0,0,0,1,0
364,109.0,5.3,97162010.19578882,214529840.77647477,13318362.066695109,0,0,0,0,1,0,0
365,113.0,7.2,159146275.08534706,201645636.9386239,15596736.006977227,0,0,0,0,0,1,0
366,121.0,6.9,100000000.0,89693309.0,11053366.0,0,1,0,0,1,0,0
367,119.0,6.2,101000541.63530163,104070208.67699586,10995308.824509647,1,1,0,0,1,0,0
368,128.0,6.1,94881015.05607527,81104548.79748395,7172862.416716707,0,0,0,0,1,0,0
369,108.0,5.7,88052278.75114925,23840735.61691342,3324281.705831513,0,0,0,0,1,0,0
370,153.0,7.4,88052278.75114925,26464317.540467396,4190540.904708107,0,1,0,0,0,1,0
371,89.0,7.0,99000000.0,250091610.0,44213073.0,0,0,1,0,0,0,0
372,129.0,6.4,128595181.49800242,570858148.5100782,89411750.7441198,1,1,0,0,1,0,0
373,155.0,7.5,125329683.31742908,236607739.76860029,12270512.47017312,1,1,0,0,0,1,0
374,123.0,6.4,94247149.88991514,231752038.3292626,35134386.26288055,0,0,0,0,0,1,0
376,87.0,6.5,99456145.29028079,921032097.755745,48816487.97770666,0,1,0,1,0,0,0
377,144.0,7.7,124658594.30928805,209545959.78763196,235962.97267872747,0,1,0,0,0,1,0
378,119.0,5.9,103421635.82263091,242824065.9026056,34005106.79795051,0,0,0,1,0,0,0
379,85.0,6.1,99456145.29028079,109828631.8763355,27835639.37689283,0,1,0,0,0,1,0
380,98.0,6.8,103421635.82263091,180411881.4721367,24699761.44454127,1,1,0,0,1,0,0
381,126.0,7.6,133679788.92517437,371339711.184149,23965753.733808674,1,1,0,0,1,0,0
382,89.0,6.9,127467093.04829708,88153558.03445388,17237109.324664123,1,0,0,1,0,0,0
383,135.0,6.6,104664548.38334727,104548258.35796875,128479.58920286762,1,1,0,0,1,0,0
385,102.0,5.5,95950514.55353655,109964306.3752559,7289855.493286184,1,1,0,0,1,0,0
386,100.0,8.2,119102893.6507192,1186080910.688742,89012573.88203369,1,0,1,0,0,0,0
387,201.0,9.0,119102893.6507192,1419369514.7529774,92025627.48214105,0,1,0,0,1,0,0
388,179.0,8.8,121453507.5447251,1187594056.8425398,80117359.25295483,0,1,0,0,1,0,0
389,100.0,5.7,123346398.57971661,358662701.5199753,62638638.11252039,1,1,0,0,1,0,0
390,129.0,7.7,94940509.13718353,408609532.48911405,36568590.41627012,1,1,0,0,0,1,0
391,179.0,8.8,122034202.85014515,1169450910.5750334,61950715.56470537,0,1,0,0,1,0,0
392,93.0,5.9,122034202.85014515,480132417.45019484,66622335.75231783,0,0,0,0,1,0,0
393,120.0,7.6,99183587.13174018,502302159.1994324,58450264.73556231,0,1,0,0,1,0,0
394,96.0,6.5,102563416.52217157,180555595.59840775,21071579.635302775,0,1,0,1,0,0,0
395,115.0,8.0,113521411.62499277,779153088.2811624,86952000.40019357,1,1,0,1,0,0,0
396,98.0,5.2,94658010.68435998,313039389.5107821,25552358.94950461,0,1,0,0,0,1,0
398,114.0,7.3,93629119.2638778,193288759.4303316,13134321.659296554,0,0,0,1,0,0,0
